price,title
£51.77,A Light in the ...
£53.74,Tipping the Velvet
£50.10,Soumission
£47.82,Sharp Objects
£54.23,Sapiens: A Brief History ...
£22.65,The Requiem Red
£33.34,The Dirty Little Secrets ...
£17.93,The Coming Woman: A ...
£22.60,The Boys in the ...
£52.15,The Black Maria
£13.99,Starving Hearts (Triangular Trade ...
£20.66,Shakespeare's Sonnets
£17.46,Set Me Free
£52.29,Scott Pilgrim's Precious Little ...
£35.02,Rip it Up and ...
£57.25,Our Band Could Be ...
£23.88,Olio
£37.59,Mesaerion: The Best Science ...
£51.33,Libertarianism for Beginners
£45.17,It's Only the Himalayas
£12.84,In Her Wake
£37.32,How Music Works
£30.52,Foolproof Preserving: A Guide ...
£25.27,Chase Me (Paris Nights ...
£34.53,Black Dust
£54.64,Birdsong: A Story in ...
£22.50,America's Cradle of Quarterbacks: ...
£53.13,Aladdin and His Wonderful ...
£40.30,Worlds Elsewhere: Journeys Around ...
£44.18,Wall and Piece
£17.66,The Four Agreements: A ...
£31.05,The Five Love Languages: ...
£23.82,The Elephant Tree
£36.89,The Bear and the ...
£15.94,Sophie's World
£33.29,Penny Maybe
£18.02,Maude (1883-1993):She Grew Up ...
£19.63,"In a Dark, Dark ..."
£52.22,Behind Closed Doors
£33.63,You can't bury them ...
£57.31,Slow States of Collapse: ...
£26.41,Reasons to Stay Alive
£47.61,Private Paris (Private #10)
£23.11,#HigherSelfie: Wake Up Your ...
£45.07,Without Borders (Wanderlove #1)
£31.77,When We Collided
£50.27,"We Love You, Charlie ..."
£14.27,Untitled Collection: Sabbath Poems ...
£44.18,Unseen City: The Majesty ...
£18.78,Unicorn Tracks
£25.52,Unbound: How Eight Technologies ...
£16.28,Tsubasa: WoRLD CHRoNiCLE 2 ...
£31.12,Throwing Rocks at the ...
£19.49,This One Summer
£17.27,Thirst
£19.09,The Torch Is Passed: ...
£56.13,The Secret of Dreadwillow ...
£56.41,The Pioneer Woman Cooks: ...
£56.50,The Past Never Ends
£45.22,The Natural History of ...
£38.16,The Nameless City (The ...
£54.11,The Murder That Never ...
£42.96,The Most Perfect Thing: ...
£23.89,The Mindfulness and Acceptance ...
£16.77,The Life-Changing Magic of ...
£20.59,The Inefficiency Assassin: Time ...
£37.13,The Gutsy Girl: Escapades ...
£56.06,The Electric Pencil: Drawings ...
£58.11,The Death of Humanity: ...
£49.05,The Bulletproof Diet: Lose ...
£40.76,The Art Forger
£19.73,The Age of Genius: ...
£32.24,The Activist's Tao Te ...
£41.83,Spark Joy: An Illustrated ...
£39.58,Soul Reader
£39.25,Security
£25.02,"Saga, Volume 6 (Saga ..."
£51.04,"Saga, Volume 5 (Saga ..."
£19.83,Reskilling America: Learning to ...
£50.40,"Rat Queens, Vol. 3: ..."
£13.61,"Princess Jellyfish 2-in-1 Omnibus, ..."
£13.34,Princess Between Worlds (Wide-Awake ...
£18.97,"Pop Gun War, Volume ..."
£36.28,"Political Suicide: Missteps, Peccadilloes, ..."
£10.16,Patience
£15.44,"Outcast, Vol. 1: A ..."
£48.41,orange: The Complete Collection ...
£46.35,Online Marketing for Busy ...
£14.07,On a Midnight Clear
£14.86,Obsidian (Lux #1)
£33.37,My Paris Kitchen: Recipes ...
£56.40,Masks and Shadows
£14.02,Mama Tried: Traditional Italian ...
£46.91,"Lumberjanes, Vol. 2: Friendship ..."
£45.61,"Lumberjanes, Vol. 1: Beware ..."
£19.92,Lumberjanes Vol. 3: A ...
£40.11,"Layered: Baking, Building, and ..."
£53.90,Judo: Seven Steps to ...
£35.67,Join
£22.00,In the Country We ...
£57.36,Immunity: How Elie Metchnikoff ...
£29.17,"I Hate Fairyland, Vol. ..."
£54.63,I am a Hero ...
£46.03,How to Be Miserable: ...
£33.97,Her Backup Boyfriend (The ...
£22.11,"Giant Days, Vol. 2 ..."
£29.69,Forever and Forever: The ...
£15.97,First and First (Five ...
£21.96,Fifty Shades Darker (Fifty ...
£54.35,Everydata: The Misinformation Hidden ...
£37.97,Don't Be a Jerk: ...
£51.99,Danganronpa Volume 1
£43.29,Crown of Midnight (Throne ...
£36.72,"Codename Baboushka, Volume 1: ..."
£17.08,Camp Midnight
£29.14,Call the Nurse: True ...
£28.81,Burning
£49.46,Bossypants
£37.92,"Bitch Planet, Vol. 1: ..."
£28.09,Avatar: The Last Airbender: ...
£30.81,Algorithms to Live By: ...
£42.95,A World of Flavor: ...
£56.76,"A Piece of Sky, ..."
£16.64,A Murder in Time
£55.53,A Flight of Arrows ...
£28.13,A Fierce and Subtle ...
£52.37,A Court of Thorns ...
£54.00,(Un)Qualified: How God Uses ...
£21.87,You Are What You ...
£43.30,William Shakespeare's Star Wars: ...
£21.04,Tuesday Nights in 1980
£41.60,Tracing Numbers on a ...
£35.07,Throne of Glass (Throne ...
£59.64,Thomas Jefferson and the ...
£52.72,Thirteen Reasons Why
£58.08,The White Cat and ...
£24.12,The Wedding Dress
£42.15,The Vacationers
£12.61,The Third Wave: An ...
£17.44,The Stranger
£33.14,The Shadow Hero (The ...
£27.37,The Secret (The Secret ...
£51.36,The Regional Office Is ...
£36.00,The Psychopath Test: A ...
£10.65,The Project
£43.54,The Power of Now: ...
£38.21,The Omnivore's Dilemma: A ...
£37.34,The Nerdy Nummies Cookbook: ...
£44.10,The Murder of Roger ...
£43.29,The Mistake (Off-Campus #2)
£55.85,The Matchmaker's Playbook (Wingmen ...
£37.60,The Love and Lemons ...
£10.97,The Long Shadow of ...
£41.82,The Kite Runner
£36.95,The House by the ...
£44.28,The Glittering Court (The ...
£55.02,The Girl on the ...
£17.24,The Genius of Birds
£23.15,The Emerald Mystery
£41.25,The Cookies & Cups ...
£32.00,The Bridge to Consciousness: ...
£38.49,The Artist's Way: A ...
£33.34,The Art of War
£10.93,The Argonauts
£27.55,The 10% Entrepreneur: Live ...
£55.99,Suddenly in Love (Lake ...
£16.24,Something More Than This
£26.12,Soft Apocalypse
£12.23,So You've Been Publicly ...
£23.99,Shoe Dog: A Memoir ...
£29.06,"Shobu Samurai, Project Aryoku ..."
£20.27,Secrets and Lace (Fatal ...
£43.55,Scarlett Epstein Hates It ...
£36.94,Romero and Juliet: A ...
£20.47,Redeeming Love
£41.06,Poses for Artists Volume ...
£14.19,Poems That Make Grown ...
£38.28,"Nightingale, Sing"
£41.05,Night Sky with Exit ...
£30.25,Mrs. Houdini
£28.26,Modern Romance
£10.76,Miss Peregrine’s Home for ...
£16.85,Louisa: The Extraordinary Life ...
£13.47,Little Red
£48.56,Library of Souls (Miss ...
£19.15,Large Print Heart of ...
£57.36,I Had a Nice ...
£42.98,Hollow City (Miss Peregrine’s ...
£22.16,Grumbles
£49.43,Full Moon over Noah’s ...
£29.99,Frostbite (Vampire Academy #2)
£21.36,Follow You Home
£29.00,First Steps for New ...
£53.53,Finders Keepers (Bill Hodges ...
£41.62,"Fables, Vol. 1: Legends ..."
£54.59,Eureka Trivia 6.0
£34.95,Drive: The Surprising Truth ...
£37.72,Done Rubbed Out (Reightman ...
£35.61,Doing It Over (Most ...
£42.16,Deliciously Ella Every Day: ...
£19.19,Dark Notes
£19.43,Daring Greatly: How the ...
£49.46,Close to You
£37.80,Chasing Heaven: What Dying ...
£30.80,Big Magic: Creative Living ...
£27.43,Becoming Wise: An Inquiry ...
£11.11,Beauty Restored (Riley Family ...
£36.50,Batman: The Long Halloween ...
£15.38,Batman: The Dark Knight ...
£15.48,Ayumi's Violin
£46.82,Anonymous
£18.46,Amy Meets the Saints ...
£36.58,Amid the Chaos
£50.54,Amatus
£12.51,Agnostic: A Spirited Manifesto
£24.70,Zealot: The Life and ...
£43.61,You (You #1)
£37.34,"Wonder Woman: Earth One, ..."
£14.36,Wild Swans
£52.65,Why the Right Went ...
£38.20,Whole Lotta Creativity Going ...
£19.60,What's It Like in ...
£53.90,"We Are Robin, Vol. ..."
£12.96,Walt Disney's Alice in ...
£37.10,V for Vendetta (V ...
£46.31,Until Friday Night (The ...
£45.95,Unbroken: A World War ...
£22.08,Twenty Yawns
£25.38,Through the Woods
£27.12,This Is Where It ...
£43.04,The Year of Magical ...
£56.80,The Wright Brothers
£25.91,The White Queen (The ...
£32.61,The Wedding Pact (The ...
£27.88,The Time Keeper
£52.67,The Testament of Mary
£46.02,The Star-Touched Queen
£44.48,The Songs of the ...
£37.40,The Song of Achilles
£54.04,The Rosie Project (Don ...
£16.88,The Power of Habit: ...
£28.08,The Marriage of Opposites
£10.40,The Lucifer Effect: Understanding ...
£44.07,The Long Haul (Diary ...
£23.40,The Loney
£17.43,The Literature Book (Big ...
£54.21,The Last Mile (Amos ...
£40.67,The Immortal Life of ...
£52.26,The Hidden Oracle (The ...
£28.77,The Help Yourself Cookbook ...
£13.82,The Guilty (Will Robie ...
£25.85,The First Hostage (J.B. ...
£48.78,The Dovekeepers
£35.35,The Darkest Lie
£44.73,The Bane Chronicles (The ...
£15.77,The Bad-Ass Librarians of ...
£39.24,The 14th Colony (Cotton ...
£13.92,That Darkness (Gardiner and ...
£10.69,Tastes Like Fear (DI ...
£45.21,Take Me with You
£45.58,Swell: A Year of ...
£11.89,Superman Vol. 1: Before ...
£26.41,Still Life with Bread ...
£39.50,Steve Jobs
£44.74,Sorting the Beef from ...
£52.79,Someone Like You (The ...
£35.43,"So Cute It Hurts!!, ..."
£55.84,Shtum
£48.87,See America: A Celebration ...
£46.78,salt.
£47.82,Robin War
£25.48,"Red Hood/Arsenal, Vol. 1: ..."
£23.57,Rain Fish
£50.89,Quarter Life Poetry: Poems ...
£10.56,Pet Sematary
£52.15,"Overload: How to Unplug, ..."
£18.28,Once Was a Time
£11.83,Old School (Diary of ...
£21.95,No Dream Is Too ...
£38.39,"Naruto (3-in-1 Edition), Vol. ..."
£41.56,My Name Is Lucy ...
£24.48,My Mrs. Brown
£40.36,My Kind of Crazy
£28.90,Mr. Mercedes (Bill Hodges ...
£37.61,More Than Music (Chasing ...
£38.85,Made to Stick: Why ...
£53.95,Luis Paints the World
£49.83,Luckiest Girl Alive
£51.51,Lowriders to the Center ...
£18.03,Love Is a Mix ...
£29.14,Looking for Lovely: Collecting ...
£46.91,Living Leadership by Insight: ...
£26.79,Let It Out: A ...
£16.28,Lady Midnight (The Dark ...
£19.55,"It's All Easy: Healthy, ..."
£29.65,Island of Dragons (Unwanteds ...
£25.98,I Know What I'm ...
£10.60,I Am Pilgrim (Pilgrim ...
£14.75,Hyperbole and a Half: ...
£47.02,"Hush, Hush (Hush, Hush ..."
£28.82,Hold Your Breath (Search ...
£58.79,Hamilton: The Revolution
£10.23,Greek Mythic History
£30.03,God: The Most Unpleasant ...
£45.84,Glory over Everything: Beyond ...
£49.05,Feathers: Displays of Brilliant ...
£15.06,Far & Away: Places ...
£46.47,Every Last Word
£27.09,Eligible (The Austen Project ...
£57.62,El Deafo
£14.39,Eight Hundred Grapes
£51.75,Eaternity: More than 150 ...
£54.07,"Eat Fat, Get Thin"
£55.35,Don't Get Caught
£40.12,Doctor Sleep (The Shining ...
£37.51,Demigods & Magicians: Percy ...
£11.21,Dear Mr. Knightley
£36.58,Daily Fantasy Sports
£47.72,Crazy Love: Overwhelmed by ...
£25.01,Cometh the Hour (The ...
£22.13,Code Name Verity (Code ...
£44.14,Clockwork Angel (The Infernal ...
£56.02,City of Glass (The ...
£11.23,City of Fallen Angels ...
£43.28,City of Bones (The ...
£47.27,City of Ashes (The ...
£20.29,Cell
£50.83,Catching Jordan (Hundred Oaks)
£31.85,"Carry On, Warrior: Thoughts ..."
£46.23,Carrie
£37.80,Buying In: The Secret ...
£49.32,Brain on Fire: My ...
£32.01,Batman: Europa
£28.01,Barefoot Contessa Back to ...
£50.62,Barefoot Contessa at Home: ...
£17.03,Balloon Animals
£48.80,Art Ops Vol. 1
£58.14,Aristotle and Dante Discover ...
£34.20,Angels Walking (Angels Walking ...
£51.48,Angels & Demons (Robert ...
£29.87,All the Light We ...
£10.90,Adulthood Is a Myth: ...
£56.37,Abstract City
£48.35,A Time of Torment ...
£16.73,A Study in Scarlet ...
£56.48,A Series of Catastrophes ...
£40.79,A People's History of ...
£39.72,A Man Called Ove
£14.58,A Distant Mirror: The ...
£55.51,A Brush of Wings ...
£21.80,1491: New Revelations of ...
£13.33,"The Three Searches, Meaning, ..."
£38.73,Searching for Meaning in ...
£37.86,Rook
£11.53,My Kitchen Year: 136 ...
£27.06,13 Hours: The Inside ...
£13.86,Will You Won't You ...
£37.55,Tipping Point for Planet ...
£32.30,The Star-Touched Queen
£46.29,The Silent Sister (Riley ...
£26.20,The Midnight Watch: A ...
£33.26,The Lonely City: Adventures ...
£59.15,The Gray Rhino: How ...
£39.43,The Golden Condom: And ...
£14.44,The Epidemic (The Program ...
£56.54,The Dinner Party
£59.90,The Diary of a ...
£11.88,The Children
£48.05,Stars Above (The Lunar ...
£21.21,Snatched: How A Drug ...
£49.67,Raspberry Pi Electronics Projects ...
£43.14,Quench Your Own Thirst: ...
£36.97,Psycho: Sanitarium (Psycho #1.5)
£26.80,Poisonous (Max Revere Novels ...
£15.71,One with You (Crossfire ...
£54.65,No Love Allowed (Dodge ...
£54.36,Murder at the 42nd ...
£35.28,Most Wanted
£20.55,"Love, Lies and Spies"
£58.32,How to Speak Golf: ...
£11.84,Hide Away (Eve Duncan ...
£41.46,Furiously Happy: A Funny ...
£20.10,Everyday Italian: 125 Simple ...
£56.86,Equal Is Unfair: America's ...
£56.51,Eleanor & Park
£40.83,Dirty (Dive Bar #1)
£48.64,Can You Keep a ...
£59.48,Boar Island (Anna Pigeon ...
£39.01,A Paris Apartment
£38.77,A la Mode: 120 ...
£48.39,Troublemaker: Surviving Hollywood and ...
£27.26,The Widow
£11.68,The Sleep Revolution: Transforming ...
£59.45,The Improbability of Love
£21.00,The Art of Startup ...
£53.98,Take Me Home Tonight ...
£48.74,Sleeping Giants (Themis Files ...
£21.15,Setting the World on ...
£13.71,Playing with Fire
£47.67,Off the Hook (Fishing ...
£13.34,Mothering Sunday
£16.89,"Mother, Can You Not?"
£27.18,M Train
£17.28,Lilac Girls
£45.14,Lies and Other Acts ...
£40.85,Lab Girl
£20.46,Keep Me Posted
£56.27,It Didn't Start with ...
£48.49,Grey (Fifty Shades #4)
£51.34,"Exit, Pursued by a ..."
£16.34,Daredevils
£20.50,Cravings: Recipes for What ...
£21.59,Born for This: How ...
£21.36,Arena
£20.88,Adultery
£19.53,A Mother's Reckoning: Living ...
£14.75,A Gentleman's Position (Society ...
£48.48,11/22/1963
£24.57,10% Happier: How I ...
£49.71,10-Day Green Smoothie Cleanse: ...
£48.27,Without Shame
£58.05,Watchmen
£58.87,Unlimited Intuition Now
£11.82,Underlying Notes
£28.03,The Shack
£44.05,The New Brand You: ...
£12.34,The Moosewood Cookbook: Recipes ...
£16.68,The Flowers Lied
£55.91,The Fabric of the ...
£24.57,The Book of Mormon
£52.98,The Art and Science ...
£54.40,The Alien Club
£54.81,Suzie Snowflake: One beautiful ...
£25.08,Nap-a-Roo
£10.41,NaNo What Now? Finding ...
£47.44,Modern Day Fables
£20.91,If I Gave You ...
£33.95,"Fruits Basket, Vol. 9 ..."
£43.68,Dress Your Family in ...
£33.23,Don't Forget Steven
£35.92,Chernobyl 01:23:40: The Incredible ...
£48.63,Art and Fear: Observations ...
£56.63,A Shard of Ice ...
£50.49,A Hero's Curse (The ...
£35.79,23 Degrees South: A ...
£34.06,Zero to One: Notes ...
£17.76,Why Not Me?
£39.36,When Breath Becomes Air
£36.94,Vagabonding: An Uncommon Guide ...
£43.62,The Unlikely Pilgrimage of ...
£43.02,The New Drawing on ...
£28.45,"The Midnight Assassin: Panic, ..."
£41.39,The Martian (The Martian ...
£51.15,The High Mountains of ...
£35.88,The Grownup
£36.91,The E-Myth Revisited: Why ...
£28.93,South of Sunshine
£38.89,Smarter Faster Better: The ...
£58.33,Silence in the Dark ...
£39.67,Shadows of the Past ...
£14.10,Roller Girl
£21.82,Rising Strong
£54.21,Proofs of God: Classical ...
£31.19,Please Kill Me: The ...
£53.64,Out of Print: City ...
£36.39,My Life Next Door ...
£58.54,Miller's Valley
£29.48,Man's Search for Meaning
£25.06,Love That Boy: What ...
£12.55,Living Forward: A Proven ...
£29.04,Les Fleurs du Mal
£40.72,Left Behind (Left Behind ...
£45.05,Kill 'Em and Leave: ...
£47.13,Kierkegaard: A Christian Missionary ...
£20.22,John Vassos: Industrial Design ...
£56.48,I'll Give You the ...
£44.21,I Will Find You
£21.96,Hystopia: A Novel
£40.45,Howl and Other Poems
£10.29,History of Beauty
£52.86,Heaven is for Real: ...
£55.65,Future Shock (Future Shock ...
£43.64,Ender's Game (The Ender ...
£28.41,Diary of a Citizen ...
£37.51,Death by Leisure: A ...
£11.45,Brilliant Beacons: A History ...
£19.22,Brazen: The Courage to ...
£56.91,Between the World and ...
£55.06,Being Mortal: Medicine and ...
£13.20,A Murder Over a ...
£53.63,32 Yolks
£44.48,"""Most Blessed of the ..."
£12.08,You Are a Badass: ...
£22.14,Wildlife of New York: ...
£25.37,What Happened on Beale ...
£46.33,Unreasonable Hope: Finding Faith ...
£37.33,Under the Tuscan Sun
£25.55,Toddlers Are A**holes: It's ...
£34.72,The Year of Living ...
£35.96,The Whale
£41.14,The Story of Art
£10.01,The Origin of Species
£36.05,The Great Gatsby
£49.03,The Good Girl
£16.24,The Glass Castle
£39.55,The Faith of Christopher ...
£35.67,The Drowning Girls
£16.62,The Constant Princess (The ...
£42.78,The Bourne Identity (Jason ...
£52.30,The Bachelor Girl's Guide ...
£32.34,The Art Book
£33.17,The 7 Habits of ...
£20.12,Team of Rivals: The ...
£20.90,Steal Like an Artist: ...
£20.90,"Sit, Stay, Love"
£40.20,Sister Dear
£52.87,"Shrunken Treasures: Literary Classics, ..."
£51.74,"Rich Dad, Poor Dad"
£34.41,Raymie Nightingale
£32.38,Playing from the Heart
£50.35,Nightstruck: A Novel
£11.38,Naturally Lean: 125 Nourishing ...
£43.58,Meternity
£49.67,Memoirs of a Geisha
£28.77,Like Never Before (Walker ...
£13.22,Life of Pi
£51.17,Leave This Song Behind: ...
£39.61,King's Folly (The Kinsman ...
£57.43,John Adams
£46.01,How to Cook Everything ...
£28.25,How to Be a ...
£37.05,Good in Bed (Cannie ...
£19.57,"Fruits Basket, Vol. 7 ..."
£45.13,For the Love: Fighting ...
£46.64,Finding God in the ...
£12.16,Every Heart a Doorway ...
£20.89,Delivering the Truth (Quaker ...
£17.97,Counted With the Stars ...
£52.60,"Chronicles, Vol. 1"
£25.77,Blue Like Jazz: Nonreligious ...
£48.19,Benjamin Franklin: An American ...
£29.93,At The Existentialist Café: ...
£44.34,A Summer In Europe
£52.40,A Short History of ...
£44.81,A Gathering of Shadows ...
£57.84,The Sound Of Love
£39.67,The Rise and Fall ...
£55.02,The Perks of Being ...
£24.80,The Mysterious Affair at ...
£59.45,The Man Who Mistook ...
£31.58,The Makings of a ...
£43.27,The Joy of Cooking
£37.34,The Invention of Wings
£17.80,The Hobbit (Middle-Earth Universe)
£30.54,The Great Railway Bazaar
£18.77,The Golden Compass (His ...
£46.85,The God Delusion
£15.79,The Girl You Left ...
£10.27,The Fellowship of the ...
£15.42,The Collected Poems of ...
£59.92,The Barefoot Contessa Cookbook
£50.96,Tell the Wolves I'm ...
£30.60,Ship Leaves Harbor: Essays ...
£19.27,Pride and Prejudice
£46.58,Musicophilia: Tales of Music ...
£48.51,Mere Christianity
£19.02,Me Before You (Me ...
£38.38,In the Woods (Dublin ...
£49.98,In Cold Blood
£46.49,How to Stop Worrying ...
£18.32,Give It Back
£42.14,"Girl, Interrupted"
£56.59,Fun Home: A Family ...
£20.96,"Fruits Basket, Vol. 6 ..."
£40.32,Deception Point
£36.39,"Death Note, Vol. 6: ..."
£58.55,Catherine the Great: Portrait ...
£39.61,Better Homes and Gardens ...
£21.30,An Unquiet Mind: A ...
£56.88,A Year in Provence ...
£32.97,World Without End (The ...
£47.31,"Will Grayson, Will Grayson ..."
£48.67,Why Save the Bankers?: ...
£41.73,Where She Went (If ...
£53.68,What If?: Serious Scientific ...
£14.64,Two Summers
£38.40,This Is Your Brain ...
£15.08,The Secret Garden
£30.57,The Raven King (The ...
£57.74,The Raven Boys (The ...
£11.05,The Power Greens Cookbook: ...
£28.58,The Metamorphosis
£42.91,The Mathews Men: Seven ...
£24.73,The Little Paris Bookshop
£55.91,The Hiding Place
£13.76,The Grand Design
£45.56,The Firm
£47.22,The Fault in Our ...
£56.00,The False Prince (The ...
£44.58,The Expatriates
£34.50,The Dream Thieves (The ...
£11.33,The Darkest Corners
£38.77,The Crossover
£11.83,The 5th Wave (The ...
£45.51,Tell the Wind and ...
£41.81,Tell Me Three Things
£25.15,Talking to Girls About ...
£34.22,Siddhartha
£16.23,Shiver (The Wolves of ...
£11.48,Remember Me?
£23.37,Red Dragon (Hannibal Lecter ...
£16.28,Peak: Secrets from the ...
£31.63,My Mother Was Nuts
£24.91,Mexican Today: New and ...
£22.54,Maybe Something Beautiful: How ...
£23.63,Lola and the Boy ...
£13.12,Logan Kade (Fallen Crest ...
£59.98,Last One Home (New ...
£31.49,Killing Floor (Jack Reacher ...
£15.52,Kill the Boy Band
£48.13,Isla and the Happily ...
£38.13,If I Stay (If ...
£36.55,I Know Why the ...
£23.32,Harry Potter and the ...
£16.33,"Fruits Basket, Vol. 5 ..."
£32.42,Foundation (Foundation (Publication Order) ...
£16.96,Fool Me Once
£22.37,Find Her (Detective D.D. ...
£42.27,Evicted: Poverty and Profit ...
£38.70,Drama
£35.63,Dracula the Un-Dead
£58.00,Digital Fortress
£52.41,"Death Note, Vol. 5: ..."
£32.35,"Data, A Love Story: ..."
£20.75,Critique of Pure Reason
£17.49,Booked
£34.13,"Blue Lily, Lily Blue ..."
£58.81,Approval Junkie: Adventures in ...
£10.00,An Abundance of Katherines
£51.22,America's War for the ...
£58.59,Alight (The Generations Trilogy ...
£31.30,A Girl's Guide to ...
£46.42,A Game of Thrones ...
£17.21,A Feast for Crows ...
£10.79,A Clash of Kings ...
£52.35,Vogue Colors A to ...
£27.88,The Shining (The Shining ...
£50.26,The Pilgrim's Progress
£59.99,The Perfect Play (Play ...
£28.32,The Passion of Dolssa
£38.71,The Jazz of Physics: ...
£29.85,The Hunger Games (The ...
£14.82,The Hound of the ...
£16.81,The Gunning of America: ...
£28.23,The Geography of Bliss: ...
£52.11,The Demonists (Demonist #1)
£27.88,The Demon Prince of ...
£59.71,The Bone Hunters (Lexy ...
£46.08,The Beast (Black Dagger ...
£13.73,Some Women
£48.39,Shopaholic Ties the Knot ...
£49.45,Paper and Fire (The ...
£19.67,Outlander (Outlander #1)
£12.36,Orchestra of Exiles: The ...
£20.02,No One Here Gets ...
£12.75,Night Shift (Night Shift ...
£47.51,Needful Things
£20.44,Mockingjay (The Hunger Games ...
£34.79,Misery
£28.07,Little Women (Little Women ...
£25.01,It
£13.90,Harry Potter and the ...
£24.17,Harry Potter and the ...
£31.63,Harry Potter and the ...
£48.75,Harry Potter and the ...
£14.74,Harry Potter and the ...
£32.49,Gone with the Wind
£27.80,God Is Not Great: ...
£26.77,Girl With a Pearl ...
£50.44,"Fruits Basket, Vol. 4 ..."
£34.93,Far From True (Promise ...
£12.87,Dark Lover (Black Dagger ...
£48.94,Confessions of a Shopaholic ...
£13.38,Changing the Game (Play ...
£58.63,Candide
£21.94,Can You Keep a ...
£26.58,Atlas Shrugged
£57.22,Animal Farm
£56.43,A Walk to Remember
£55.65,A New Earth: Awakening ...
£27.62,A History of God: ...
£49.56,'Salem's Lot
£34.77,Zero History (Blue Ant ...
£17.73,Wuthering Heights
£21.80,World War Z: An ...
£46.02,Wild: From Lost to ...
£18.13,"Where'd You Go, Bernadette"
£30.89,When You Are Engulfed ...
£31.95,We the People: The ...
£24.04,We Are All Completely ...
£32.36,Walk the Edge (Thunder ...
£21.07,Voyager (Outlander #3)
£50.66,Very Good Lives: The ...
£13.66,Vegan Vegetarian Omnivore: Dinner ...
£58.09,"Unstuffed: Decluttering Your Home, ..."
£30.00,Under the Banner of ...
£32.74,Two Boys Kissing
£41.93,Twilight (Twilight #1)
£42.80,Twenties Girl
£53.51,Trespassing Across America: One ...
£23.21,Three-Martini Lunch
£21.14,"Thinking, Fast and Slow"
£56.07,The Wild Robot
£14.41,The Wicked + The ...
£45.75,The Undomestic Goddess
£15.77,The Travelers
£10.02,The Tipping Point: How ...
£48.77,The Thing About Jellyfish
£57.86,The Stand
£23.59,The Smitten Kitchen Cookbook
£23.05,The Silkworm (Cormoran Strike ...
£55.55,"The Sandman, Vol. 3: ..."
£58.64,The Rose & the ...
£23.21,The Road to Little ...
£42.57,The Rise of Theodore ...
£10.92,The Restaurant at the ...
£34.77,The Rest Is Noise: ...
£35.66,The Red Tent
£37.19,The Purpose Driven Life: ...
£12.25,The Purest Hook (Second ...
£29.70,The Picture of Dorian ...
£36.80,The Paris Wife
£45.43,The Obsession
£26.26,The Nightingale
£44.92,The New Guy (and ...
£52.53,The Nanny Diaries (Nanny ...
£37.25,The Name of God ...
£20.93,The Maze Runner (The ...
£58.09,The Lover's Dictionary
£43.59,The Lonely Ones
£33.92,The Lean Startup: How ...
£55.55,The Last Painting of ...
£29.64,"The Land of 10,000 ..."
£27.41,The Infinities
£52.51,The Husband's Secret
£47.80,The Hitchhiker's Guide to ...
£14.54,The Guns of August
£49.53,The Guernsey Literary and ...
£43.58,The Goldfinch
£12.30,The Giver (The Giver ...
£49.47,The Girl with All ...
£22.14,The Girl Who Played ...
£57.48,The Girl Who Kicked ...
£43.45,The Exiled
£22.13,The End of Faith: ...
£13.03,"The Elegant Universe: Superstrings, ..."
£57.35,The Disappearing Spoon: And ...
£44.29,The Devil Wears Prada ...
£52.25,The Demon-Haunted World: Science ...
£26.33,The Day the Crayons ...
£22.96,The Da Vinci Code ...
£19.21,The Cuckoo's Calling (Cormoran ...
£26.78,The Complete Stories and ...
£41.32,The Complete Poems
£24.55,The Catcher in the ...
£16.26,The Cat in the ...
£47.84,The Case for Christ ...
£53.49,The Book Thief
£44.84,The Book of Basketball: ...
£53.71,The Blind Side: Evolution ...
£23.43,The Autobiography of Malcolm ...
£34.32,The Art of Simple ...
£22.10,The Art of Fielding
£25.83,"Surely You're Joking, Mr. ..."
£36.74,Stiff: The Curious Lives ...
£49.51,Spilled Milk: Based on ...
£48.96,Something Borrowed (Darcy & ...
£54.62,Something Blue (Darcy & ...
£24.72,Soldier (Talon #3)
£46.45,Shopaholic & Baby (Shopaholic ...
£52.33,Seven Days in the ...
£30.60,Seven Brief Lessons on ...
£14.57,Scarlet (The Lunar Chronicles ...
£46.29,Sarah's Key
£21.57,"Saga, Volume 3 (Saga ..."
£12.91,Running with Scissors
£50.11,Rogue Lawyer (Rogue Lawyer ...
£41.67,Rise of the Rocket ...
£44.88,Rework
£11.10,Reservations for Two
£28.54,Red: The True Story ...
£19.07,Ready Player One
£43.55,Quiet: The Power of ...
£43.63,Prodigy: The Graphic Novel ...
£39.13,Persepolis: The Story of ...
£56.68,Packing for Mars: The ...
£14.16,Outliers: The Story of ...
£31.45,Original Fake
£24.61,Orange Is the New ...
£32.87,One for the Money ...
£40.17,Notes from a Small ...
£13.51,Night (The Night Trilogy ...
£38.95,Neither Here nor There: ...
£31.69,Naked
£29.40,Morning Star (Red Rising ...
£57.83,Miracles from Heaven: A ...
£55.46,Midnight Riot (Peter Grant/ ...
£57.60,Me Talk Pretty One ...
£34.98,Manuscript Found in Accra
£11.87,Lust & Wonder
£12.47,Lila (Gilead #3)
£33.26,"Life, the Universe and ..."
£59.04,Life Without a Recipe
£26.13,Life After Life
£22.20,Letter to a Christian ...
£45.11,Let's Pretend This Never ...
£43.69,Legend (Legend #1)
£25.02,"Lean In: Women, Work, ..."
£55.50,Lamb: The Gospel According ...
£53.04,Lady Renegades (Rebel Belle ...
£44.97,Jurassic Park (Jurassic Park ...
£42.38,It's Never Too Late ...
£20.11,Is Everyone Hanging Out ...
£56.70,Into the Wild
£41.00,Inferno (Robert Langdon #4)
£28.85,In the Garden of ...
£49.97,If I Run (If ...
£19.69,I've Got Your Number
£28.88,I Am Malala: The ...
£33.14,Hungry Girl Clean & ...
£43.70,House of Lost Worlds: ...
£54.89,House of Leaves
£37.52,Horrible Bear!
£51.07,Holidays on Ice
£44.07,Heir to the Sky
£10.79,Green Eggs and Ham ...
£42.72,"Grayson, Vol 3: Nemesis ..."
£26.66,Gratitude
£37.60,Gone Girl
£42.21,Golden (Heart of Dread ...
£46.83,Girl in the Blue ...
£45.17,"Fruits Basket, Vol. 3 ..."
£51.22,Friday Night Lights: A ...
£21.28,Fire Bound (Sea Haven/Sisters ...
£15.36,Fifty Shades Freed (Fifty ...
£38.62,Fellside
£25.40,Extreme Prey (Lucas Davenport ...
£43.87,Eragon (The Inheritance Cycle ...
£18.74,Eclipse (Twilight #3)
£54.86,Dune (Dune #1)
£52.62,Dracula
£51.48,Do Androids Dream of ...
£15.28,Disrupted: My Misadventure in ...
£39.24,Dead Wake: The Last ...
£17.81,"David and Goliath: Underdogs, ..."
£56.02,Darkfever (Fever #1)
£23.90,Dark Places
£49.13,Crazy Rich Asians (Crazy ...
£10.62,Counting Thyme
£36.17,Cosmos
£59.95,Civilization and Its Discontents
£26.09,Cinder (The Lunar Chronicles ...
£37.35,Catastrophic Happiness: Finding Joy ...
£24.72,Career of Evil (Cormoran ...
£35.28,Breaking Dawn (Twilight #4)
£51.32,Brave Enough
£21.12,Boy Meets Boy
£27.35,Born to Run: A ...
£21.74,Blink: The Power of ...
£40.87,Black Flags: The Rise ...
£49.31,"Black Butler, Vol. 1 ..."
£22.11,Big Little Lies
£20.79,Between Shades of Gray
£27.41,Best of My Love ...
£38.35,Beowulf
£21.55,Beautiful Creatures (Caster Chronicles ...
£38.02,Awkward
£22.06,Ash
£10.66,Are We There Yet?
£56.58,Are We Smart Enough ...
£36.83,Annie on My Mind
£35.01,And Then There Were ...
£30.48,A Walk in the ...
£14.08,A Visit from the ...
£31.22,A Storm of Swords ...
£54.29,A Heartbreaking Work of ...
£31.04,8 Keys to Mental ...
£50.96,#GIRLBOSS
£11.89,The Suffragettes (Little Black ...
£31.38,The Sense of an ...
£54.81,"The Sandman, Vol. 2: ..."
£16.78,The Course of Love
£24.42,Sugar Rush (Offensive Line ...
£11.75,"Saga, Volume 2 (Saga ..."
£20.02,"Run, Spot, Run: The ..."
£12.86,New Moon (Twilight #2)
£31.58,Life
£34.00,Kindle Paperwhite User's Guide
£57.42,H is for Hawk
£53.47,Girl Online On Tour ...
£11.64,"Fruits Basket, Vol. 2 ..."
£52.88,Diary of a Minecraft ...
£18.51,"Y: The Last Man, ..."
£41.32,While You Were Mine
£39.77,Where Lightning Strikes (Bleeding ...
£51.96,When I'm Gone
£39.51,Ways of Seeing
£15.40,"Vampire Knight, Vol. 1 ..."
£53.82,Vampire Girl (Vampire Girl ...
£30.95,Twenty Love Poems and ...
£57.82,Travels with Charley: In ...
£44.18,Three Wishes (River of ...
£48.71,This One Moment (Pushing ...
£19.69,The Zombie Room
£36.52,The Wicked + The ...
£41.56,The Tumor
£43.19,The Story of Hong ...
£12.34,The Silent Wife
£36.25,The Silent Twin (Detective ...
£29.45,The Selfish Gene
£34.56,The Secret Healer
£54.12,"The Sandman, Vol. 1: ..."
£33.78,The Republic
£29.64,The Odyssey
£57.70,The No. 1 Ladies' ...
£36.34,The Nicomachean Ethics
£50.59,The Name of the ...
£29.38,The Mirror & the ...
£45.42,The Little Prince
£54.43,The Light of the ...
£36.26,The Last Girl (The ...
£16.16,The Iliad
£36.29,The Hook Up (Game ...
£27.89,The Haters
£12.29,The Girl You Lost
£15.85,The Girl In The ...
£14.40,The End of the ...
£19.18,The Edge of Reason ...
£10.64,The Complete Maus (Maus ...
£14.76,The Communist Manifesto
£57.49,The Bhagavad Gita
£30.66,The Bette Davis Club
£40.83,The Art of Not ...
£18.88,Taking Shots (Assassins #1)
£25.83,Starlark
£42.12,"Skip Beat!, Vol. 01 ..."
£13.33,Sister Sable (The Mad ...
£42.40,Shatter Me (Shatter Me ...
£58.35,Shameless
£21.72,Shadow Rites (Jane Yellowrock ...
£44.91,Settling the Score (The ...
£37.46,Sense and Sensibility
£28.48,"Saga, Volume 1 (Saga ..."
£28.34,"Rhythm, Chord & Malykhin"
£46.96,"Rat Queens, Vol. 1: ..."
£24.96,Paradise Lost (Paradise #1)
£21.71,"Paper Girls, Vol. 1 ..."
£29.87,Ouran High School Host ...
£28.99,Origins (Alphas 0.5)
£52.94,One Second (Seven #7)
£32.36,On the Road (Duluoz ...
£55.66,Old Records Never Die: ...
£39.45,Off Sides (Off #1)
£47.11,Of Mice and Men
£58.75,Myriad (Prentor #1)
£38.92,My Perfect Mistake (Over ...
£39.39,"Ms. Marvel, Vol. 1: ..."
£25.89,Meditations
£28.34,Matilda
£27.70,Lost Among the Living
£24.89,Lord of the Flies
£58.99,Listen to Me (Fusion ...
£57.20,Kitchens of the Great ...
£38.43,Jane Eyre
£34.74,Imperfect Harmony
£40.44,Icing (Aces Hockey #2)
£45.24,"Hawkeye, Vol. 1: My ..."
£34.96,Having the Barbarian's Baby ...
£56.76,"Giant Days, Vol. 1 ..."
£40.28,"Fruits Basket, Vol. 1 ..."
£38.00,Frankenstein
£28.80,Forever Rockers (The Rocker ...
£39.24,Fighting Fate (Fighting #6)
£32.93,Emma
£51.32,"Eat, Pray, Love"
£47.09,Deep Under (Walker Security ...
£28.42,Choosing Our Religion: The ...
£22.85,Charlie and the Chocolate ...
£41.24,Charity's Cross (Charles Towne ...
£39.07,Bright Lines
£29.82,Bridget Jones's Diary (Bridget ...
£37.26,Bounty (Colorado Mountain #7)
£20.30,Blood Defense (Samantha Brinkman ...
£34.65,"Bleach, Vol. 1: Strawberry ..."
£43.38,Beyond Good and Evil
£55.53,Alice in Wonderland (Alice's ...
£57.06,"Ajin: Demi-Human, Volume 1 ..."
£16.97,A Spy's Devotion (The ...
£53.98,1st to Die (Women's ...
£26.08,"1,000 Places to See ..."
